Year,Ortsteil,District,GeoCode,Value
2021,A-T,Treptow-Köpenick,901,3
2021,P,Treptow-Köpenick,902,1
2021,B,Treptow-Köpenick,903,2
2021,J,Treptow-Köpenick,904,0
2021,N,Treptow-Köpenick,905,0
2021,A,Treptow-Köpenick,906,0
2021,A,Treptow-Köpenick,907,0
2021,B,Treptow-Köpenick,908,0
2021,O,Treptow-Köpenick,909,2
2021,K,Treptow-Köpenick,910,2
2021,F,Treptow-Köpenick,911,1
2021,R,Treptow-Köpenick,912,0
2021,G,Treptow-Köpenick,913,1
2021,M,Treptow-Köpenick,914,0
2021,S,Treptow-Köpenick,915,0
